{"time":{"0":1995,"1":1996,"2":1997,"3":1998,"4":1999,"5":2000,"6":2001,"7":2002,"8":2003,"9":2004,"10":2005,"11":2006,"12":2007,"13":2008,"14":2009,"15":2010,"16":2011,"17":2012,"18":2013,"19":2014,"20":2015,"21":2016,"22":2017,"23":2018,"24":2019,"25":2020},"pred":{"0":9564538.0,"1":12684977.0,"2":11203385.0,"3":20878084.0,"4":21243430.0,"5":33484804.0,"6":39759816.0,"7":39628660.0,"8":45131996.0,"9":52190392.0,"10":55238008.0,"11":55198320.0,"12":63090508.0,"13":68617456.0,"14":50137912.0,"15":78199768.0,"16":77211760.0,"17":95490248.0,"18":95136608.0,"19":93658768.0,"20":85748848.0,"21":102366336.0,"22":107738280.0,"23":103090352.0,"24":104975696.0,"25":130517960.0},"actual":{"0":10252627.5999999996,"1":12871599.5,"2":17346711.5,"3":20753376.6999999993,"4":27886258.8000000007,"5":42935676.0200000033,"6":36548763.0,"7":38771186.6799999997,"8":44779273.6700000018,"9":52846741.3400000036,"10":54413779.7899999991,"11":56870600.7700000033,"12":67374083.75,"13":67908433.8299999982,"14":77984155.3799999952,"15":85385753.8599999994,"16":85850467.3199999928,"17":102869096.0,"18":97460830.3900000006,"19":84918063.6899999976,"20":98770399.150000006,"21":102547719.299999997,"22":104882296.400000006,"23":107655014.400000006,"24":107368421.400000006,"25":133073997.400000006}}